core,payload,mode,repeat,payload_bytes,blocks,counter_start,counter_stop,raw_cycles,cycles_per_block,retired_instructions,cpi,alu_count,load_count,store_count,branch_count,jump_count,m_count,b_count,taken_branch_count,branch_penalty_cycles,total_stalls,control_stalls,load_use_stalls,memory_stalls,other_stalls,counter_errors,counter_check,firmware_errors,testbench_errors,status_word,result,blocks_checked,bytes_checked,log,log_sha256
RISSP,16B,ECB,1,16,1,21,8181,8160,8160.0,8159,1.000123,4672,1440,1162,835,50,0,0,662,0,0,0,0,0,0,0,PASS,0,0,50415353,PASS,1,16,raw_counters/logs/16b_ecb_r1.log,67FEC4022D333742DA1495378E0BABBFF62A3F2784C63602BB9E7D2D6C285C1D
RISSP,16B,ECB,2,16,1,21,8181,8160,8160.0,8159,1.000123,4672,1440,1162,835,50,0,0,662,0,0,0,0,0,0,0,PASS,0,0,50415353,PASS,1,16,raw_counters/logs/16b_ecb_r2.log,977264188557FA4453E81443AFE75964DD6D11E813CBD550EFFE9B34FAAAEFCB
RISSP,16B,ECB,3,16,1,21,8181,8160,8160.0,8159,1.000123,4672,1440,1162,835,50,0,0,662,0,0,0,0,0,0,0,PASS,0,0,50415353,PASS,1,16,raw_counters/logs/16b_ecb_r3.log,2681F9EC023CA6AB1893FDE07CC80FFBCC38CCCD74B581E896A40377B2709C9D
RISSP,16B,CBC,1,16,1,21,8455,8434,8434.0,8433,1.000119,4786,1504,1210,883,50,0,0,713,0,0,0,0,0,0,0,PASS,0,0,50415353,PASS,1,16,raw_counters/logs/16b_cbc_r1.log,D74DAF66047961210EFB41339D5B804473886745A54F70276ECB75B5CF3A5039
RISSP,16B,CBC,2,16,1,21,8455,8434,8434.0,8433,1.000119,4786,1504,1210,883,50,0,0,713,0,0,0,0,0,0,0,PASS,0,0,50415353,PASS,1,16,raw_counters/logs/16b_cbc_r2.log,EEEBE849F07B713B54BFD7D1F862232FEBB517C50872510C97C354A0F2949610
RISSP,16B,CBC,3,16,1,21,8455,8434,8434.0,8433,1.000119,4786,1504,1210,883,50,0,0,713,0,0,0,0,0,0,0,PASS,0,0,50415353,PASS,1,16,raw_counters/logs/16b_cbc_r3.log,3B3A6A3D16EC36ADFBC32AB11E53E133833CA06F4F5CBC704522CF01B8C0C33E
RISSP,16B,CFB128,1,16,1,21,8493,8472,8472.0,8471,1.000118,4824,1504,1210,883,50,0,0,709,0,0,0,0,0,0,0,PASS,0,0,50415353,PASS,1,16,raw_counters/logs/16b_cfb128_r1.log,6EFF36C5C6B182C69A93B900620DA0EC4F338ECA884EB75BBCBA550512F1FC5B
RISSP,16B,CFB128,2,16,1,21,8493,8472,8472.0,8471,1.000118,4824,1504,1210,883,50,0,0,709,0,0,0,0,0,0,0,PASS,0,0,50415353,PASS,1,16,raw_counters/logs/16b_cfb128_r2.log,6400457A561611340ABACF3A06E1934591A9572E518494499B3F8E1A6BD12CAD
RISSP,16B,CFB128,3,16,1,21,8493,8472,8472.0,8471,1.000118,4824,1504,1210,883,50,0,0,709,0,0,0,0,0,0,0,PASS,0,0,50415353,PASS,1,16,raw_counters/logs/16b_cfb128_r3.log,B75B6577C100FCCC4595C86E41926A7C9EC70F97D2BEE335E2A700647110FE60
RISSP,16B,CTR,1,16,1,21,8431,8410,8410.0,8409,1.000119,4801,1490,1196,870,52,0,0,692,0,0,0,0,0,0,0,PASS,0,0,50415353,PASS,1,16,raw_counters/logs/16b_ctr_r1.log,DC5A52E6C74655026028922BC5F3D7248B5C0E30B057308F354F526E6679F8FD
RISSP,16B,CTR,2,16,1,21,8431,8410,8410.0,8409,1.000119,4801,1490,1196,870,52,0,0,692,0,0,0,0,0,0,0,PASS,0,0,50415353,PASS,1,16,raw_counters/logs/16b_ctr_r2.log,B3987A12BD1197ECAC0D2E3ADF4D8976A178C0F4739DE9BA22BFF3420C0EAB08
RISSP,16B,CTR,3,16,1,21,8431,8410,8410.0,8409,1.000119,4801,1490,1196,870,52,0,0,692,0,0,0,0,0,0,0,PASS,0,0,50415353,PASS,1,16,raw_counters/logs/16b_ctr_r3.log,C2B4519FC1EC917DB25A1EB011A2CEBC2BEE308C4653E94FD450E6A49D18C23D
RISSP,256B,ECB,1,256,16,21,99562,99541,6221.3125,99540,1.00001,53631,19352,14121,12086,350,0,0,10165,0,0,0,0,0,0,0,PASS,0,0,50415353,PASS,16,256,raw_counters/logs/256b_ecb_r1.log,DC0661C2355F4C78AD17ED31A2C259E45D1FCEEBF6D274A94C6082F3B0393032
RISSP,256B,ECB,2,256,16,21,99562,99541,6221.3125,99540,1.00001,53631,19352,14121,12086,350,0,0,10165,0,0,0,0,0,0,0,PASS,0,0,50415353,PASS,16,256,raw_counters/logs/256b_ecb_r2.log,E3E748F606A4633DB922C82913EB4F10FA3F727A3C9F0EA5B00EE20F670C58D9
RISSP,256B,ECB,3,256,16,21,99562,99541,6221.3125,99540,1.00001,53631,19352,14121,12086,350,0,0,10165,0,0,0,0,0,0,0,PASS,0,0,50415353,PASS,16,256,raw_counters/logs/256b_ecb_r3.log,E45D91D64697465BC31CFA5A90D8468C405E79A7695B621494208C9CCC37F9D8
RISSP,256B,CBC,1,256,16,21,102778,102757,6422.3125,102756,1.00001,55007,20136,14649,12614,350,0,0,10664,0,0,0,0,0,0,0,PASS,0,0,50415353,PASS,16,256,raw_counters/logs/256b_cbc_r1.log,9D2B2C47D76A206F5C5FF6AA4FF2FB79FFCBF58CD8E21F0E0E15A16320381658
RISSP,256B,CBC,2,256,16,21,102778,102757,6422.3125,102756,1.00001,55007,20136,14649,12614,350,0,0,10664,0,0,0,0,0,0,0,PASS,0,0,50415353,PASS,16,256,raw_counters/logs/256b_cbc_r2.log,CDA986322179F6C7278E9BCFCE793335D989B32868AA7233C852AB224E72F810
RISSP,256B,CBC,3,256,16,21,102778,102757,6422.3125,102756,1.00001,55007,20136,14649,12614,350,0,0,10664,0,0,0,0,0,0,0,PASS,0,0,50415353,PASS,16,256,raw_counters/logs/256b_cbc_r3.log,3396B56DE6DA37CE53DA000A29E31BFE9ECA03122838A5E93265C3798E3F204C
RISSP,256B,CFB128,1,256,16,21,103439,103418,6463.625,103417,1.00001,55587,20184,14682,12614,350,0,0,10646,0,0,0,0,0,0,0,PASS,0,0,50415353,PASS,16,256,raw_counters/logs/256b_cfb128_r1.log,251BE3FD9BCA7279C8EE26207FBB813ACB39515859290C2A39C1B2928135BA65
RISSP,256B,CFB128,2,256,16,21,103439,103418,6463.625,103417,1.00001,55587,20184,14682,12614,350,0,0,10646,0,0,0,0,0,0,0,PASS,0,0,50415353,PASS,16,256,raw_counters/logs/256b_cfb128_r2.log,5CFD17245860BEFBB2D8EEBDC15AA6E12C93DF032761282C11DB5588ECDB5A69
RISSP,256B,CFB128,3,256,16,21,103439,103418,6463.625,103417,1.00001,55587,20184,14682,12614,350,0,0,10646,0,0,0,0,0,0,0,PASS,0,0,50415353,PASS,16,256,raw_counters/logs/256b_cfb128_r3.log,4E998F721A80101996942E1F4147C51D43127486A97228E36BF1EA1413B5F639
RISSP,256B,CTR,1,256,16,21,102303,102282,6392.625,102281,1.00001,55087,19977,14475,12376,366,0,0,10431,0,0,0,0,0,0,0,PASS,0,0,50415353,PASS,16,256,raw_counters/logs/256b_ctr_r1.log,03EB6723169803FC5F4FFA5A619053DBAD5B7DC50471131527040FE8EC86B4A5
RISSP,256B,CTR,2,256,16,21,102303,102282,6392.625,102281,1.00001,55087,19977,14475,12376,366,0,0,10431,0,0,0,0,0,0,0,PASS,0,0,50415353,PASS,16,256,raw_counters/logs/256b_ctr_r2.log,099F73E9EBC701C1AF325C3794C8E1929643894213D0AFF5CF75C3E2C89FB9D1
RISSP,256B,CTR,3,256,16,21,102303,102282,6392.625,102281,1.00001,55087,19977,14475,12376,366,0,0,10431,0,0,0,0,0,0,0,PASS,0,0,50415353,PASS,16,256,raw_counters/logs/256b_ctr_r3.log,B416D8706E339C8215A1936695D673D7C916C24CB4232FF273FC22AF074B42D6
RISSP,4KiB,ECB,1,4096,256,21,1559747,1559726,6092.679688,1559725,1.000001,833598,307410,221481,192086,5150,0,0,162001,0,0,0,0,0,0,0,PASS,0,0,50415353,PASS,256,4096,raw_counters/logs/4kib_ecb_r1.log,DDCA183367544816F53E0FB37900825993FF5FEF488E2D200B4B999C36FE2D74
RISSP,4KiB,ECB,2,4096,256,21,1559747,1559726,6092.679688,1559725,1.000001,833598,307410,221481,192086,5150,0,0,162001,0,0,0,0,0,0,0,PASS,0,0,50415353,PASS,256,4096,raw_counters/logs/4kib_ecb_r2.log,59EBFFC8160C278EFB8240DA30D5029C3BD0E41163A7784C982F9336337E3345
RISSP,4KiB,ECB,3,4096,256,21,1559747,1559726,6092.679688,1559725,1.000001,833598,307410,221481,192086,5150,0,0,162001,0,0,0,0,0,0,0,PASS,0,0,50415353,PASS,256,4096,raw_counters/logs/4kib_ecb_r3.log,009753212074BCFC471BE3866606FE3E609A39BEE89DA344E9C6FCA0D444E7CC
RISSP,4KiB,CBC,1,4096,256,21,1609964,1609943,6288.839844,1609942,1.000001,855095,319714,229689,200294,5150,0,0,169738,0,0,0,0,0,0,0,PASS,0,0,50415353,PASS,256,4096,raw_counters/logs/4kib_cbc_r1.log,66D0ECA71594EFBB41E417C6BD43FBD48B1FB7826FF5B29609852116EF4E3C8E
RISSP,4KiB,CBC,2,4096,256,21,1609964,1609943,6288.839844,1609942,1.000001,855095,319714,229689,200294,5150,0,0,169738,0,0,0,0,0,0,0,PASS,0,0,50415353,PASS,256,4096,raw_counters/logs/4kib_cbc_r2.log,36CAD6FDB67032A5E1821112E5152CC454CB409945C7793EC88B07C20808339A
RISSP,4KiB,CBC,3,4096,256,21,1609964,1609943,6288.839844,1609942,1.000001,855095,319714,229689,200294,5150,0,0,169738,0,0,0,0,0,0,0,PASS,0,0,50415353,PASS,256,4096,raw_counters/logs/4kib_cbc_r3.log,C90546071B87AB60769434CFB6F3838AEE7CE77AA522C0C37C11276A346F6AF5
RISSP,4KiB,CFB128,1,4096,256,21,1620024,1620003,6328.136719,1620002,1.000001,863874,320482,230202,200294,5150,0,0,169922,0,0,0,0,0,0,0,PASS,0,0,50415353,PASS,256,4096,raw_counters/logs/4kib_cfb128_r1.log,B54473B80AFD9AA8A96EA10F26B3BEACF2C95A0ED636BAF54C9D0852EA21DB9A
RISSP,4KiB,CFB128,2,4096,256,21,1620024,1620003,6328.136719,1620002,1.000001,863874,320482,230202,200294,5150,0,0,169922,0,0,0,0,0,0,0,PASS,0,0,50415353,PASS,256,4096,raw_counters/logs/4kib_cfb128_r2.log,1A25116440DB8E3AF58C9D572E94A8D2AEA57CEA386D8D76BFF00D61EFDA0D43
RISSP,4KiB,CFB128,3,4096,256,21,1620024,1620003,6328.136719,1620002,1.000001,863874,320482,230202,200294,5150,0,0,169922,0,0,0,0,0,0,0,PASS,0,0,50415353,PASS,256,4096,raw_counters/logs/4kib_cfb128_r3.log,BD77BBE888C0C2C9154998A8F12781B692F989711F005404A2D65AFE99837A1B
RISSP,4KiB,CTR,1,4096,256,21,1601722,1601701,6256.644531,1601700,1.000001,855808,317155,226875,196456,5406,0,0,166473,0,0,0,0,0,0,0,PASS,0,0,50415353,PASS,256,4096,raw_counters/logs/4kib_ctr_r1.log,0CBF416B4AB74E9F12CC9B01ECC062000ADCB63A6DDAC6C7B10704603D90A221
RISSP,4KiB,CTR,2,4096,256,21,1601722,1601701,6256.644531,1601700,1.000001,855808,317155,226875,196456,5406,0,0,166473,0,0,0,0,0,0,0,PASS,0,0,50415353,PASS,256,4096,raw_counters/logs/4kib_ctr_r2.log,379E15B6A90C9FB864137A346F8272C2C19A7A5494914C4B8A0C7585757E8231
RISSP,4KiB,CTR,3,4096,256,21,1601722,1601701,6256.644531,1601700,1.000001,855808,317155,226875,196456,5406,0,0,166473,0,0,0,0,0,0,0,PASS,0,0,50415353,PASS,256,4096,raw_counters/logs/4kib_ctr_r3.log,770B2F945ED89805EF204A62768E073E82CA7FF032DB82757C3C856B24B86AC3
