core,payload,mode,repeats,repeat_match,payload_bytes,blocks,raw_cycles,cycles_per_block,retired_instructions,cpi,alu_count,load_count,store_count,branch_count,taken_branch_count,branch_penalty_cycles,jump_count,m_count,b_count,total_stalls,control_stalls,load_use_stalls,memory_stalls,other_stalls,blocks_checked,bytes_checked
RISSP,16B,ECB,3,PASS,16,1,8160,8160.0,8159,1.000123,4672,1440,1162,835,662,0,50,0,0,0,0,0,0,0,1,16
RISSP,16B,CBC,3,PASS,16,1,8434,8434.0,8433,1.000119,4786,1504,1210,883,713,0,50,0,0,0,0,0,0,0,1,16
RISSP,16B,CFB128,3,PASS,16,1,8472,8472.0,8471,1.000118,4824,1504,1210,883,709,0,50,0,0,0,0,0,0,0,1,16
RISSP,16B,CTR,3,PASS,16,1,8410,8410.0,8409,1.000119,4801,1490,1196,870,692,0,52,0,0,0,0,0,0,0,1,16
RISSP,256B,ECB,3,PASS,256,16,99541,6221.3125,99540,1.00001,53631,19352,14121,12086,10165,0,350,0,0,0,0,0,0,0,16,256
RISSP,256B,CBC,3,PASS,256,16,102757,6422.3125,102756,1.00001,55007,20136,14649,12614,10664,0,350,0,0,0,0,0,0,0,16,256
RISSP,256B,CFB128,3,PASS,256,16,103418,6463.625,103417,1.00001,55587,20184,14682,12614,10646,0,350,0,0,0,0,0,0,0,16,256
RISSP,256B,CTR,3,PASS,256,16,102282,6392.625,102281,1.00001,55087,19977,14475,12376,10431,0,366,0,0,0,0,0,0,0,16,256
RISSP,4KiB,ECB,3,PASS,4096,256,1559726,6092.679688,1559725,1.000001,833598,307410,221481,192086,162001,0,5150,0,0,0,0,0,0,0,256,4096
RISSP,4KiB,CBC,3,PASS,4096,256,1609943,6288.839844,1609942,1.000001,855095,319714,229689,200294,169738,0,5150,0,0,0,0,0,0,0,256,4096
RISSP,4KiB,CFB128,3,PASS,4096,256,1620003,6328.136719,1620002,1.000001,863874,320482,230202,200294,169922,0,5150,0,0,0,0,0,0,0,256,4096
RISSP,4KiB,CTR,3,PASS,4096,256,1601701,6256.644531,1601700,1.000001,855808,317155,226875,196456,166473,0,5406,0,0,0,0,0,0,0,256,4096
